{
  "imudelay": -439,
  "R_LI2LT": [
    0.00172068,
    0.99976083,
    0.0020389,
    -0.02170644
  ]
}