{
  "imudelay": -825,
  "R_LI2LT": [
    0.00482441,
    0.9999679,
    0.00359362,
    -0.00529262
  ]
}