{
  "imudelay": 235,
  "R_LI2LT": [
    0.00552655,
    0.99766058,
    0.0104897,
    0.06732595
  ]
}