{
  "imudelay": -565,
  "R_LI2LT": [
    0.00481504,
    0.99994554,
    0.00316901,
    0.00869985
  ]
}