{
  "imudelay": -11,
  "R_LI2LT": [
    0.00222628,
    0.99990768,
    0.00707311,
    0.01138594
  ]
}