{
  "imudelay": -320,
  "R_LI2LT": [
    0.00128746046,
    0.999610654,
    0.000458520646,
    -0.0278688355
  ]
}