{
  "imudelay": -260,
  "R_LI2LT": [
    0.00480135,
    0.99997599,
    0.00195066,
    0.00459986
  ]
}