{
  "imudelay": -32,
  "R_LI2LT": [
    0.00438972,
    0.9999355,
    0.00506514,
    -0.00916952
  ]
}