{
  "imudelay": 56,
  "R_LI2LT": [
    -0.00851743,
    0.99976231,
    0.01807966,
    -0.00871254
  ]
}