{
  "imudelay": -262,
  "R_LI2LT": [
    0.00947389,
    0.9999177,
    0.00274833,
    0.00820333
  ]
}